<!--
 - Copyright 2016 Red Hat Inc. and/or its affiliates.
 - 
 - Licensed under the Apache License, Version 2.0 (the "License");
 - you may not use this file except in compliance with the License.
 - You may obtain a copy of the License at
 - http://www.apache.org/licenses/LICENSE-2.0
 - Unless required by applicable law or agreed to in writing, software
 - distributed under the License is distributed on an "AS IS" BASIS,
 - WITHOUT WARRANTIES OR CONDITIONS OF ANY KIND, either express or implied.
 - See the License for the specific language governing permissions and
 - limitations under the License.
 -->
<assembly xmlns="http://maven.apache.org/plugins/maven-assembly-plugin/assembly/1.1.0"
          xmlns:xsi="http://www.w3.org/2001/XMLSchema-instance"
          xsi:schemaLocation="http://maven.apache.org/plugins/maven-assembly-plugin/assembly/1.1.0 http://maven.apache.org/xsd/assembly-1.1.0.xsd">

  <id>eap-7</id>
  <includeBaseDirectory>false</includeBaseDirectory>
  <formats>
    <format>zip</format>
    <format>dir</format>
  </formats>

  <componentDescriptors>
    <componentDescriptor>${project.basedir}/src/main/filtered-resources/org/kie/api/assembly-component.xml</componentDescriptor>
    <componentDescriptor>${project.basedir}/src/main/filtered-resources/org/kie/ci/assembly-component.xml</componentDescriptor>
    <componentDescriptor>${project.basedir}/src/main/filtered-resources/org/kie/spring/assembly-component.xml</componentDescriptor>
    <componentDescriptor>${project.basedir}/src/main/filtered-resources/org/drools/assembly-component.xml</componentDescriptor>
    <componentDescriptor>${project.basedir}/src/main/filtered-resources/org/jbpm/assembly-component.xml</componentDescriptor>

    <componentDescriptor>${project.basedir}/src/main/filtered-resources/aopalliance/assembly-component.xml</componentDescriptor>
    <componentDescriptor>${project.basedir}/src/main/filtered-resources/com/fasterxml/jackson/assembly-component.xml</componentDescriptor>
    <componentDescriptor>${project.basedir}/src/main/filtered-resources/com/google/protobuf/assembly-component.xml</componentDescriptor>
    <componentDescriptor>${project.basedir}/src/main/filtered-resources/com/sun/xml/bind/assembly-component.xml</componentDescriptor>
    <componentDescriptor>${project.basedir}/src/main/filtered-resources/com/thoughtworks/xstream/assembly-component.xml</componentDescriptor>
    <componentDescriptor>${project.basedir}/src/main/filtered-resources/jivesoftware/assembly-component.xml</componentDescriptor>
    <componentDescriptor>${project.basedir}/src/main/filtered-resources/junit/assembly-component.xml</componentDescriptor>
    <componentDescriptor>${project.basedir}/src/main/filtered-resources/org/antlr/assembly-component.xml</componentDescriptor>
    <componentDescriptor>${project.basedir}/src/main/filtered-resources/org/apache/ant/assembly-component.xml</componentDescriptor>
    <componentDescriptor>${project.basedir}/src/main/filtered-resources/org/apache/commons/compress/assembly-component.xml</componentDescriptor>
    <componentDescriptor>${project.basedir}/src/main/filtered-resources/org/apache/commons/exec/assembly-component.xml</componentDescriptor>
    <componentDescriptor>${project.basedir}/src/main/filtered-resources/org/apache/commons/fileupload/assembly-component.xml</componentDescriptor>
    <componentDescriptor>${project.basedir}/src/main/filtered-resources/org/apache/commons/jxpath/assembly-component.xml</componentDescriptor>
    <componentDescriptor>${project.basedir}/src/main/filtered-resources/org/apache/commons/lang3/assembly-component.xml</componentDescriptor>
    <componentDescriptor>${project.basedir}/src/main/filtered-resources/org/apache/commons/math/assembly-component.xml</componentDescriptor>
    <componentDescriptor>${project.basedir}/src/main/filtered-resources/org/apache/commons/net/assembly-component.xml</componentDescriptor>
    <componentDescriptor>${project.basedir}/src/main/filtered-resources/org/apache/maven/assembly-component.xml</componentDescriptor>
    <componentDescriptor>${project.basedir}/src/main/filtered-resources/org/apache/maven/wagon/assembly-component.xml</componentDescriptor>
    <componentDescriptor>${project.basedir}/src/main/filtered-resources/org/apache/poi/assembly-component.xml</componentDescriptor>
    <componentDescriptor>${project.basedir}/src/main/filtered-resources/org/apache/xmlbeans/assembly-component.xml</componentDescriptor>
    <componentDescriptor>${project.basedir}/src/main/filtered-resources/org/codehaus/plexus/assembly-component.xml</componentDescriptor>
    <componentDescriptor>${project.basedir}/src/main/filtered-resources/org/eclipse/aether/kie/assembly-component.xml</componentDescriptor>
    <componentDescriptor>${project.basedir}/src/main/filtered-resources/org/eclipse/jdt/core/compiler/assembly-component.xml</componentDescriptor>
    <componentDescriptor>${project.basedir}/src/main/filtered-resources/org/eclipse/emf/assembly-component.xml</componentDescriptor>
    <componentDescriptor>${project.basedir}/src/main/filtered-resources/org/eclipse/sisu/assembly-component.xml</componentDescriptor>
    <componentDescriptor>${project.basedir}/src/main/filtered-resources/org/freemarker/assembly-component.xml</componentDescriptor>
    <componentDescriptor>${project.basedir}/src/main/filtered-resources/org/hamcrest/assembly-component.xml</componentDescriptor>
    <componentDescriptor>${project.basedir}/src/main/filtered-resources/org/jsoup/assembly-component.xml</componentDescriptor>
    <componentDescriptor>${project.basedir}/src/main/filtered-resources/org/mvel/assembly-component.xml</componentDescriptor>
    <componentDescriptor>${project.basedir}/src/main/filtered-resources/org/quartz/assembly-component.xml</componentDescriptor>
    <componentDescriptor>${project.basedir}/src/main/filtered-resources/org/reflections/assembly-component.xml</componentDescriptor>
    <componentDescriptor>${project.basedir}/src/main/filtered-resources/org/sonatype/plexus/assembly-component.xml</componentDescriptor>
    <componentDescriptor>${project.basedir}/src/main/filtered-resources/org/springframework/beans/assembly-component.xml</componentDescriptor>
    <componentDescriptor>${project.basedir}/src/main/filtered-resources/org/springframework/expression/assembly-component.xml</componentDescriptor>
    <componentDescriptor>${project.basedir}/src/main/filtered-resources/org/springframework/core/assembly-component.xml</componentDescriptor>
    <componentDescriptor>${project.basedir}/src/main/filtered-resources/org/springframework/context/assembly-component.xml</componentDescriptor>
    <componentDescriptor>${project.basedir}/src/main/filtered-resources/org/springframework/aop/assembly-component.xml</componentDescriptor>
    <componentDescriptor>${project.basedir}/src/main/filtered-resources/org/springframework/web/assembly-component.xml</componentDescriptor>
    <componentDescriptor>${project.basedir}/src/main/filtered-resources/org/springframework/tx/assembly-component.xml</componentDescriptor>
    <componentDescriptor>${project.basedir}/src/main/filtered-resources/org/tukaani/assembly-component.xml</componentDescriptor>
    <componentDescriptor>${project.basedir}/src/main/filtered-resources/org/kie/soup/commons/assembly-component.xml</componentDescriptor>
    <componentDescriptor>${project.basedir}/src/main/filtered-resources/org/kie/soup/project-datamodel-api/assembly-component.xml</componentDescriptor>
    <componentDescriptor>${project.basedir}/src/main/filtered-resources/org/kie/soup/project-datamodel-commons/assembly-component.xml</componentDescriptor>
    <componentDescriptor>${project.basedir}/src/main/filtered-resources/org/kie/soup/maven-support/assembly-component.xml</componentDescriptor>
    <componentDescriptor>${project.basedir}/src/main/filtered-resources/org/kie/soup/maven-integration/assembly-component.xml</componentDescriptor>
    <componentDescriptor>${project.basedir}/src/main/filtered-resources/org/wildfly/extras/config/plugin/bpms/assembly-component.xml</componentDescriptor>
    <componentDescriptor>${project.basedir}/src/main/filtered-resources/rome/assembly-component.xml</componentDescriptor>
    <componentDescriptor>${project.basedir}/src/main/filtered-resources/xmlpull/assembly-component.xml</componentDescriptor>
    <componentDescriptor>${project.basedir}/src/main/filtered-resources/xpp3/assembly-component.xml</componentDescriptor>
  </componentDescriptors>

</assembly>
