<!--
 - Copyright 2016 Red Hat, Inc. and/or its affiliates.
 - 
 - Licensed under the Apache License, Version 2.0 (the "License");
 - you may not use this file except in compliance with the License.
 - You may obtain a copy of the License at
 - http://www.apache.org/licenses/LICENSE-2.0
 - Unless required by applicable law or agreed to in writing, software
 - distributed under the License is distributed on an "AS IS" BASIS,
 - WITHOUT WARRANTIES OR CONDITIONS OF ANY KIND, either express or implied.
 - See the License for the specific language governing permissions and
 - limitations under the License.
 -->
<component xmlns="http://maven.apache.org/plugins/maven-assembly-plugin/component/1.1.2"
           xmlns:xsi="http://www.w3.org/2001/XMLSchema-instance"
           xsi:schemaLocation="http://maven.apache.org/plugins/maven-assembly-plugin/component/1.1.2 http://maven.apache.org/xsd/component-1.1.2.xsd">

  <files>
    <file>
      <source>${project.build.outputDirectory}/org/apache/ant/module.xml</source>
      <outputDirectory>modules/system/layers/bpms/org/apache/ant/main</outputDirectory>
    </file>
  </files>
  <dependencySets>
    <dependencySet>
      <useTransitiveDependencies>false</useTransitiveDependencies>
      <includes>
        <include>org.apache.ant:ant</include>
        <include>org.apache.ant:ant-launcher</include>
      </includes>
      <outputDirectory>modules/system/layers/bpms/org/apache/ant/main</outputDirectory>
    </dependencySet>
  </dependencySets>
</component>
