<?xml version="1.0" encoding="UTF-8"?>
<assembly>
  <id>pre-bin</id>
  <formats>
    <format>dir</format>
  </formats>
  <includeBaseDirectory>false</includeBaseDirectory>
  <dependencySets>
    <dependencySet>
      <includes>
        <include>org.jbpm:jbpm-flow</include>
        <include>org.jbpm:jbpm-flow-builder</include>
        <include>org.jbpm:jbpm-persistence-jpa</include>
        <include>org.jbpm:jbpm-bpmn2</include>
        <include>org.kie:kie-api</include>
        <include>org.kie:kie-aries-blueprint</include>
        <include>org.kie:kie-internal</include>
        <include>org.kie:kie-ci</include>
        <include>org.kie:kie-spring</include>
        <include>org.kie.server:kie-server-common</include>
        <include>org.kie.server:kie-server-api</include>
        <include>org.kie.server:kie-server-client</include>
        <include>org.kie:kie-karaf-features</include>
        <include>org.drools:drools-core</include>
        <include>org.drools:drools-compiler</include>
        <include>org.drools:drools-cdi</include>
        <include>org.drools:drools-decisiontables</include>
        <include>org.drools:drools-jsr94</include>
        <include>org.drools:drools-persistence-jpa</include>
        <include>org.drools:drools-pmml</include>
        <include>org.drools:drools-rhq-plugin</include>
        <include>org.drools:drools-scorecards</include>
        <include>org.drools:drools-templates</include>
      </includes>
      <outputDirectory/>
      <useTransitiveFiltering>false</useTransitiveFiltering>
    </dependencySet>
    <dependencySet>
      <excludes>
        <exclude>org.jbpm:jbpm-flow</exclude>
        <exclude>org.jbpm:jbpm-flow-builder</exclude>
        <exclude>org.jbpm:jbpm-persistence-jpa</exclude>
        <exclude>org.jbpm:jbpm-bpmn2</exclude>
        <exclude>org.kie:kie-api</exclude>
        <exclude>org.kie:kie-aries-blueprint</exclude>
        <exclude>org.kie:kie-internal</exclude>
        <exclude>org.kie:kie-ci</exclude>
        <exclude>org.kie:kie-spring</exclude>
        <exclude>org.kie.server:kie-server-common</exclude>
        <exclude>org.kie.server:kie-server-api</exclude>
        <exclude>org.kie.server:kie-server-client</exclude>
        <exclude>org.kie:kie-karaf-features</exclude>
        <exclude>org.drools:drools-core</exclude>
        <exclude>org.drools:drools-compiler</exclude>
        <exclude>org.drools:drools-cdi</exclude>
        <exclude>org.drools:drools-decisiontables</exclude>
        <exclude>org.drools:drools-jsr94</exclude>
        <exclude>org.drools:drools-persistence-jpa</exclude>
        <exclude>org.drools:drools-pmml</exclude>
        <exclude>org.drools:drools-rhq-plugin</exclude>
        <exclude>org.drools:drools-scorecards</exclude>
        <exclude>org.drools:drools-templates</exclude>
      </excludes>
      <outputDirectory>lib</outputDirectory>
      <useTransitiveFiltering>false</useTransitiveFiltering>
    </dependencySet>
  </dependencySets>
</assembly>
