<?xml version="1.0" encoding="UTF-8"?>
<assembly>
  <id>pre-bin</id>
  <formats>
    <format>dir</format>
  </formats>
  <includeBaseDirectory>false</includeBaseDirectory>
  <dependencySets>
    <dependencySet>
      <includes>
        <include>org.jbpm:jbpm-flow</include>
        <include>org.jbpm:jbpm-flow-builder</include>
        <include>org.jbpm:jbpm-persistence-api</include>
        <include>org.jbpm:jbpm-persistence-jpa</include>
        <include>org.jbpm:jbpm-bpmn2</include>
        <include>org.jbpm:jbpm-audit</include>
        <include>org.jbpm:jbpm-workitems-core</include>
        <include>org.jbpm:jbpm-workitems-bpmn2</include>
        <include>org.jbpm:jbpm-workitems-email</include>
        <include>org.jbpm:jbpm-workitems-jms</include>
        <include>org.jbpm:jbpm-workitems-rest</include>
        <include>org.jbpm:jbpm-workitems-webservice</include>
        <include>org.jbpm:jbpm-services-api</include>
        <include>org.jbpm:jbpm-kie-services</include>
        <include>org.jbpm:jbpm-executor</include>
        <include>org.jbpm:jbpm-executor-cdi</include>
        <include>org.jbpm:jbpm-executor-ejb</include>
        <include>org.jbpm:jbpm-human-task-core</include>
        <include>org.jbpm:jbpm-human-task-workitems</include>
        <include>org.jbpm:jbpm-human-task-audit</include>
        <include>org.jbpm:jbpm-human-task-jpa</include>
        <include>org.jbpm:jbpm-query-jpa</include>
        <include>org.jbpm:jbpm-shared-services</include>
        <include>org.jbpm:jbpm-test</include>
        <include>org.jbpm:jbpm-runtime-manager</include>
        <include>org.jbpm:jbpm-services-cdi</include>
        <include>org.jbpm:jbpm-services-ejb-api</include>
        <include>org.jbpm:jbpm-services-ejb-client</include>
        <include>org.jbpm:jbpm-services-ejb-impl</include>
        <include>org.jbpm:jbpm-services-ejb-timer</include>
        <include>org.jbpm:jbpm-document</include>
        <include>org.jbpm:jbpm-case-mgmt-api</include>
        <include>org.jbpm:jbpm-case-mgmt-impl</include>
        <include>org.kie:kie-api</include>
        <include>org.kie:kie-aries-blueprint</include>
        <include>org.kie:kie-internal</include>
        <include>org.kie:kie-ci</include>
        <include>org.kie:kie-spring</include>
        <include>org.kie.server:kie-server-common</include>
        <include>org.kie.server:kie-server-api</include>
        <include>org.kie.server:kie-server-client</include>
        <include>org.kie.server:kie-server-router-proxy</include>
        <include>org.kie:kie-karaf-features</include>
        <include>org.drools:drools-core</include>
        <include>org.drools:drools-compiler</include>
        <include>org.drools:drools-cdi</include>
        <include>org.drools:drools-decisiontables</include>
        <include>org.drools:drools-jsr94</include>
        <include>org.drools:drools-persistence-api</include>
        <include>org.drools:drools-persistence-jpa</include>
        <include>org.drools:drools-rhq-plugin</include>
        <include>org.drools:drools-scorecards</include>
        <include>org.drools:drools-templates</include>
        <include>org.drools:drools-pmml</include>
      </includes>
      <outputDirectory/>
      <useTransitiveFiltering>false</useTransitiveFiltering>
    </dependencySet>
    <dependencySet>
      <excludes>
        <exclude>org.jbpm:jbpm-flow</exclude>
        <exclude>org.jbpm:jbpm-flow-builder</exclude>
        <exclude>org.jbpm:jbpm-persistence-api</exclude>
        <exclude>org.jbpm:jbpm-persistence-jpa</exclude>
        <exclude>org.jbpm:jbpm-bpmn2</exclude>
        <exclude>org.jbpm:jbpm-audit</exclude>
        <exclude>org.jbpm:jbpm-workitems</exclude>
        <exclude>org.jbpm:jbpm-services-api</exclude>
        <exclude>org.jbpm:jbpm-kie-services</exclude>
        <exclude>org.jbpm:jbpm-executor</exclude>
        <exclude>org.jbpm:jbpm-executor-cdi</exclude>
        <exclude>org.jbpm:jbpm-executor-ejb</exclude>
        <exclude>org.jbpm:jbpm-human-task-core</exclude>
        <exclude>org.jbpm:jbpm-human-task-audit</exclude>
        <exclude>org.jbpm:jbpm-human-task-jpa</exclude>
        <exclude>org.jbpm:jbpm-human-task-workitems</exclude>
        <exclude>org.jbpm:jbpm-query-jpa</exclude>
        <exclude>org.jbpm:jbpm-shared-services</exclude>
        <exclude>org.jbpm:jbpm-test</exclude>
        <exclude>org.jbpm:jbpm-runtime-manager</exclude>
        <exclude>org.jbpm:jbpm-services-cdi</exclude>
        <exclude>org.jbpm:jbpm-services-ejb-api</exclude>
        <exclude>org.jbpm:jbpm-services-ejb-client</exclude>
        <exclude>org.jbpm:jbpm-services-ejb-impl</exclude>
        <exclude>org.jbpm:jbpm-services-ejb-timer</exclude>
        <exclude>org.jbpm:jbpm-document</exclude>
        <exclude>org.jbpm:jbpm-case-mgmt-api</exclude>
        <exclude>org.jbpm:jbpm-case-mgmt-impl</exclude>
        <exclude>org.kie:kie-api</exclude>
        <exclude>org.kie:kie-aries-blueprint</exclude>
        <exclude>org.kie:kie-internal</exclude>
        <exclude>org.kie:kie-ci</exclude>
        <exclude>org.kie:kie-spring</exclude>
        <exclude>org.kie.server:kie-server-common</exclude>
        <exclude>org.kie.server:kie-server-api</exclude>
        <exclude>org.kie.server:kie-server-client</exclude>
        <exclude>org.kie.server:kie-server-router-proxy</exclude>
        <exclude>org.kie:kie-karaf-features</exclude>
        <exclude>org.drools:drools-core</exclude>
        <exclude>org.drools:drools-compiler</exclude>
        <exclude>org.drools:drools-cdi</exclude>
        <exclude>org.drools:drools-decisiontables</exclude>
        <exclude>org.drools:drools-jsr94</exclude>
        <exclude>org.drools:drools-persistence-api</exclude>
        <exclude>org.drools:drools-persistence-jpa</exclude>
        <exclude>org.drools:drools-rhq-plugin</exclude>
        <exclude>org.drools:drools-scorecards</exclude>
        <exclude>org.drools:drools-templates</exclude>
        <exclude>org.drools:drools-pmml</exclude>
      </excludes>
      <outputDirectory>lib</outputDirectory>
      <useTransitiveFiltering>false</useTransitiveFiltering>
    </dependencySet>
  </dependencySets>
</assembly>
